User-ID,Produk,Rating
1,1,5
1,2,2
1,3,4
1,4,1
1,5,0
1,6,4
1,7,4
1,8,0
1,9,3
1,10,1
1,11,2
1,12,2
1,13,5
1,14,0
1,15,0
1,16,5
1,17,4
1,18,0
1,19,0
1,20,1
1,21,4
1,22,1
1,23,4
1,24,0
1,25,2
2,1,2
2,2,0
2,3,2
2,4,4
2,5,3
2,6,3
2,7,5
2,8,0
2,9,5
2,10,3
2,11,4
2,12,3
2,13,2
2,14,0
2,15,3
2,16,0
2,17,1
2,18,0
2,19,3
2,20,3
2,21,1
2,22,5
2,23,2
2,24,5
2,25,0
3,1,0
3,2,4
3,3,0
3,4,2
3,5,0
3,6,5
3,7,5
3,8,4
3,9,0
3,10,5
3,11,1
3,12,4
3,13,2
3,14,1
3,15,2
3,16,4
3,17,5
3,18,1
3,19,2
3,20,4
3,21,1
3,22,1
3,23,5
3,24,0
3,25,3
4,1,4
4,2,2
4,3,1
4,4,2
4,5,4
4,6,0
4,7,4
4,8,5
4,9,5
4,10,5
4,11,0
4,12,0
4,13,2
4,14,1
4,15,2
4,16,1
4,17,5
4,18,3
4,19,2
4,20,1
4,21,4
4,22,0
4,23,2
4,24,2
4,25,3
5,1,1
5,2,4
5,3,1
5,4,2
5,5,1
5,6,3
5,7,0
5,8,5
5,9,0
5,10,0
5,11,1
5,12,4
5,13,2
5,14,0
5,15,0
5,16,3
5,17,4
5,18,1
5,19,0
5,20,1
5,21,5
5,22,4
5,23,5
5,24,3
5,25,1
6,1,5
6,2,0
6,3,4
6,4,3
6,5,5
6,6,1
6,7,2
6,8,2
6,9,3
6,10,4
6,11,5
6,12,0
6,13,3
6,14,1
6,15,5
6,16,5
6,17,1
6,18,0
6,19,4
6,20,0
6,21,3
6,22,3
6,23,4
6,24,0
6,25,5
7,1,1
7,2,2
7,3,3
7,4,0
7,5,2
7,6,4
7,7,2
7,8,0
7,9,0
7,10,4
7,11,5
7,12,3
7,13,1
7,14,4
7,15,5
7,16,4
7,17,1
7,18,0
7,19,3
7,20,1
7,21,5
7,22,5
7,23,1
7,24,3
7,25,1
8,1,1
8,2,2
8,3,1
8,4,3
8,5,3
8,6,2
8,7,4
8,8,4
8,9,5
8,10,0
8,11,2
8,12,0
8,13,1
8,14,3
8,15,5
8,16,2
8,17,5
8,18,4
8,19,1
8,20,3
8,21,3
8,22,5
8,23,5
8,24,2
8,25,0
9,1,5
9,2,5
9,3,3
9,4,3
9,5,4
9,6,1
9,7,5
9,8,4
9,9,2
9,10,1
9,11,5
9,12,5
9,13,0
9,14,2
9,15,4
9,16,5
9,17,1
9,18,5
9,19,5
9,20,1
9,21,1
9,22,0
9,23,3
9,24,0
9,25,2
10,1,3
10,2,3
10,3,4
10,4,0
10,5,2
10,6,0
10,7,4
10,8,5
10,9,5
10,10,3
10,11,4
10,12,4
10,13,0
10,14,1
10,15,3
10,16,3
10,17,3
10,18,3
10,19,0
10,20,5
10,21,0
10,22,2
10,23,3
10,24,2
10,25,2
11,1,4
11,2,0
11,3,5
11,4,2
11,5,0
11,6,4
11,7,1
11,8,5
11,9,1
11,10,2
11,11,5
11,12,5
11,13,2
11,14,0
11,15,1
11,16,4
11,17,1
11,18,1
11,19,4
11,20,4
11,21,4
11,22,3
11,23,5
11,24,5
11,25,1
12,1,2
12,2,2
12,3,1
12,4,2
12,5,4
12,6,3
12,7,3
12,8,4
12,9,4
12,10,2
12,11,2
12,12,1
12,13,0
12,14,0
12,15,2
12,16,4
12,17,2
12,18,3
12,19,0
12,20,2
12,21,0
12,22,0
12,23,4
12,24,2
12,25,2
13,1,4
13,2,4
13,3,1
13,4,5
13,5,3
13,6,2
13,7,0
13,8,2
13,9,4
13,10,3
13,11,3
13,12,1
13,13,4
13,14,1
13,15,0
13,16,0
13,17,0
13,18,1
13,19,1
13,20,0
13,21,1
13,22,5
13,23,4
13,24,0
13,25,5
14,1,0
14,2,1
14,3,1
14,4,0
14,5,4
14,6,4
14,7,3
14,8,4
14,9,1
14,10,5
14,11,2
14,12,4
14,13,5
14,14,2
14,15,0
14,16,3
14,17,5
14,18,0
14,19,1
14,20,4
14,21,4
14,22,2
14,23,1
14,24,5
14,25,3
15,1,2
15,2,0
15,3,1
15,4,0
15,5,3
15,6,2
15,7,5
15,8,4
15,9,2
15,10,4
15,11,2
15,12,4
15,13,1
15,14,3
15,15,5
15,16,2
15,17,2
15,18,2
15,19,1
15,20,3
15,21,4
15,22,5
15,23,0
15,24,2
15,25,1
16,1,0
16,2,1
16,3,4
16,4,5
16,5,0
16,6,3
16,7,0
16,8,1
16,9,4
16,10,1
16,11,1
16,12,5
16,13,4
16,14,0
16,15,4
16,16,1
16,17,0
16,18,2
16,19,1
16,20,3
16,21,2
16,22,3
16,23,5
16,24,5
16,25,4
17,1,0
17,2,1
17,3,4
17,4,5
17,5,0
17,6,3
17,7,0
17,8,1
17,9,4
17,10,1
17,11,1
17,12,5
17,13,4
17,14,0
17,15,4
17,16,1
17,17,0
17,18,2
17,19,1
17,20,3
17,21,2
17,22,3
17,23,5
17,24,5
17,25,4
18,1,5
18,2,3
18,3,3
18,4,3
18,5,0
18,6,4
18,7,1
18,8,5
18,9,5
18,10,4
18,11,5
18,12,0
18,13,0
18,14,3
18,15,1
18,16,2
18,17,5
18,18,3
18,19,0
18,20,5
18,21,5
18,22,3
18,23,5
18,24,5
18,25,5
19,1,0
19,2,3
19,3,5
19,4,3
19,5,0
19,6,5
19,7,4
19,8,3
19,9,2
19,10,4
19,11,1
19,12,2
19,13,1
19,14,4
19,15,0
19,16,4
19,17,1
19,18,2
19,19,3
19,20,1
19,21,4
19,22,4
19,23,0
19,24,4
19,25,3
20,1,5
20,2,5
20,3,5
20,4,1
20,5,0
20,6,3
20,7,3
20,8,2
20,9,0
20,10,3
20,11,5
20,12,3
20,13,0
20,14,4
20,15,0
20,16,2
20,17,1
20,18,5
20,19,1
20,20,2
20,21,2
20,22,5
20,23,2
20,24,0
20,25,3
21,1,0
21,2,4
21,3,4
21,4,3
21,5,4
21,6,1
21,7,5
21,8,2
21,9,3
21,10,5
21,11,1
21,12,4
21,13,2
21,14,5
21,15,5
21,16,5
21,17,5
21,18,0
21,19,3
21,20,0
21,21,1
21,22,0
21,23,3
21,24,3
21,25,4
22,1,5
22,2,0
22,3,4
22,4,4
22,5,1
22,6,0
22,7,4
22,8,2
22,9,5
22,10,3
22,11,3
22,12,0
22,13,1
22,14,2
22,15,5
22,16,5
22,17,3
22,18,2
22,19,0
22,20,4
22,21,2
22,22,5
22,23,4
22,24,2
22,25,0
23,1,5
23,2,2
23,3,1
23,4,4
23,5,0
23,6,5
23,7,5
23,8,1
23,9,4
23,10,1
23,11,2
23,12,5
23,13,3
23,14,1
23,15,2
23,16,4
23,17,2
23,18,5
23,19,1
23,20,5
23,21,4
23,22,1
23,23,4
23,24,1
23,25,2
24,1,2
24,2,5
24,3,4
24,4,4
24,5,3
24,6,0
24,7,4
24,8,5
24,9,0
24,10,3
24,11,2
24,12,3
24,13,2
24,14,0
24,15,0
24,16,1
24,17,1
24,18,3
24,19,2
24,20,0
24,21,4
24,22,3
24,23,5
24,24,1
24,25,4
25,1,1
25,2,0
25,3,2
25,4,0
25,5,0
25,6,0
25,7,3
25,8,0
25,9,3
25,10,0
25,11,0
25,12,5
25,13,3
25,14,0
25,15,3
25,16,1
25,17,4
25,18,5
25,19,0
25,20,4
25,21,3
25,22,1
25,23,1
25,24,4
25,25,2
26,1,4
26,2,2
26,3,5
26,4,5
26,5,2
26,6,1
26,7,4
26,8,4
26,9,5
26,10,3
26,11,2
26,12,0
26,13,5
26,14,4
26,15,0
26,16,2
26,17,4
26,18,4
26,19,0
26,20,5
26,21,1
26,22,1
26,23,4
26,24,3
26,25,1
27,1,1
27,2,5
27,3,2
27,4,2
27,5,2
27,6,3
27,7,1
27,8,4
27,9,1
27,10,3
27,11,0
27,12,3
27,13,3
27,14,5
27,15,3
27,16,2
27,17,3
27,18,1
27,19,0
27,20,1
27,21,3
27,22,3
27,23,5
27,24,2
27,25,3
28,1,2
28,2,3
28,3,1
28,4,2
28,5,3
28,6,5
28,7,1
28,8,1
28,9,3
28,10,1
28,11,3
28,12,3
28,13,4
28,14,1
28,15,4
28,16,4
28,17,5
28,18,5
28,19,5
28,20,0
28,21,0
28,22,4
28,23,0
28,24,3
28,25,3
29,1,4
29,2,3
29,3,4
29,4,4
29,5,2
29,6,5
29,7,5
29,8,3
29,9,0
29,10,0
29,11,1
29,12,4
29,13,2
29,14,1
29,15,3
29,16,5
29,17,3
29,18,2
29,19,1
29,20,0
29,21,0
29,22,1
29,23,5
29,24,4
29,25,5
30,1,3
30,2,3
30,3,0
30,4,4
30,5,1
30,6,0
30,7,4
30,8,2
30,9,1
30,10,1
30,11,1
30,12,1
30,13,5
30,14,5
30,15,3
30,16,3
30,17,3
30,18,1
30,19,1
30,20,5
30,21,2
30,22,5
30,23,2
30,24,5
30,25,0
31,1,3
31,2,4
31,3,1
31,4,4
31,5,1
31,6,3
31,7,4
31,8,2
31,9,1
31,10,3
31,11,1
31,12,3
31,13,2
31,14,5
31,15,4
31,16,3
31,17,0
31,18,1
31,19,1
31,20,0
31,21,3
31,22,2
31,23,5
31,24,1
31,25,2
32,1,4
32,2,4
32,3,5
32,4,4
32,5,5
32,6,2
32,7,0
32,8,0
32,9,4
32,10,4
32,11,2
32,12,5
32,13,2
32,14,2
32,15,3
32,16,1
32,17,3
32,18,5
32,19,3
32,20,1
32,21,5
32,22,4
32,23,2
32,24,0
32,25,0
33,1,0
33,2,3
33,3,3
33,4,2
33,5,3
33,6,0
33,7,0
33,8,2
33,9,2
33,10,4
33,11,3
33,12,0
33,13,3
33,14,4
33,15,5
33,16,0
33,17,2
33,18,3
33,19,3
33,20,3
33,21,3
33,22,5
33,23,3
33,24,0
33,25,1
34,1,5
34,2,5
34,3,0
34,4,4
34,5,5
34,6,2
34,7,5
34,8,2
34,9,5
34,10,2
34,11,2
34,12,5
34,13,1
34,14,5
34,15,5
34,16,1
34,17,5
34,18,5
34,19,3
34,20,1
34,21,5
34,22,0
34,23,3
34,24,5
34,25,3
35,1,0
35,2,3
35,3,1
35,4,4
35,5,0
35,6,5
35,7,3
35,8,4
35,9,2
35,10,1
35,11,4
35,12,0
35,13,5
35,14,4
35,15,5
35,16,2
35,17,2
35,18,0
35,19,0
35,20,4
35,21,0
35,22,1
35,23,2
35,24,4
35,25,3
36,1,4
36,2,3
36,3,5
36,4,0
36,5,4
36,6,2
36,7,5
36,8,0
36,9,4
36,10,4
36,11,0
36,12,1
36,13,0
36,14,0
36,15,2
36,16,0
36,17,2
36,18,5
36,19,3
36,20,0
36,21,2
36,22,1
36,23,1
36,24,2
36,25,3
37,1,0
37,2,3
37,3,2
37,4,4
37,5,0
37,6,3
37,7,0
37,8,5
37,9,1
37,10,0
37,11,2
37,12,2
37,13,4
37,14,4
37,15,5
37,16,4
37,17,2
37,18,5
37,19,1
37,20,3
37,21,4
37,22,3
37,23,2
37,24,4
37,25,5
38,1,5
38,2,4
38,3,2
38,4,2
38,5,0
38,6,5
38,7,0
38,8,1
38,9,4
38,10,0
38,11,2
38,12,3
38,13,5
38,14,1
38,15,4
38,16,4
38,17,5
38,18,3
38,19,0
38,20,0
38,21,2
38,22,2
38,23,3
38,24,5
38,25,2
39,1,5
39,2,4
39,3,5
39,4,1
39,5,3
39,6,0
39,7,2
39,8,0
39,9,1
39,10,5
39,11,3
39,12,1
39,13,1
39,14,4
39,15,5
39,16,4
39,17,5
39,18,0
39,19,4
39,20,5
39,21,4
39,22,2
39,23,0
39,24,1
39,25,2
40,1,4
40,2,4
40,3,3
40,4,3
40,5,5
40,6,1
40,7,0
40,8,3
40,9,5
40,10,4
40,11,1
40,12,3
40,13,0
40,14,2
40,15,5
40,16,2
40,17,5
40,18,3
40,19,2
40,20,1
40,21,1
40,22,3
40,23,1
40,24,0
40,25,4
41,1,3
41,2,0
41,3,5
41,4,4
41,5,3
41,6,0
41,7,5
41,8,3
41,9,4
41,10,5
41,11,4
41,12,0
41,13,2
41,14,4
41,15,0
41,16,4
41,17,3
41,18,2
41,19,0
41,20,1
41,21,0
41,22,5
41,23,3
41,24,4
41,25,3
42,1,5
42,2,5
42,3,3
42,4,2
42,5,1
42,6,2
42,7,0
42,8,1
42,9,0
42,10,2
42,11,4
42,12,5
42,13,1
42,14,4
42,15,2
42,16,0
42,17,4
42,18,5
42,19,2
42,20,5
42,21,4
42,22,3
42,23,0
42,24,3
42,25,0
43,1,1
43,2,5
43,3,0
43,4,4
43,5,4
43,6,0
43,7,5
43,8,0
43,9,1
43,10,1
43,11,1
43,12,1
43,13,2
43,14,0
43,15,5
43,16,1
43,17,1
43,18,5
43,19,4
43,20,2
43,21,4
43,22,2
43,23,2
43,24,3
43,25,4
44,1,4
44,2,0
44,3,4
44,4,4
44,5,5
44,6,0
44,7,0
44,8,0
44,9,2
44,10,4
44,11,4
44,12,2
44,13,1
44,14,3
44,15,2
44,16,5
44,17,3
44,18,5
44,19,3
44,20,1
44,21,5
44,22,3
44,23,1
44,24,4
44,25,4
45,1,5
45,2,1
45,3,3
45,4,0
45,5,2
45,6,0
45,7,1
45,8,2
45,9,5
45,10,2
45,11,5
45,12,2
45,13,4
45,14,3
45,15,5
45,16,3
45,17,1
45,18,0
45,19,0
45,20,0
45,21,0
45,22,4
45,23,5
45,24,4
45,25,1
46,1,2
46,2,5
46,3,1
46,4,0
46,5,4
46,6,4
46,7,1
46,8,1
46,9,4
46,10,1
46,11,4
46,12,1
46,13,5
46,14,0
46,15,5
46,16,2
46,17,3
46,18,1
46,19,0
46,20,1
46,21,1
46,22,4
46,23,5
46,24,5
46,25,5
47,1,0
47,2,1
47,3,1
47,4,0
47,5,4
47,6,4
47,7,3
47,8,4
47,9,1
47,10,5
47,11,2
47,12,4
47,13,5
47,14,2
47,15,0
47,16,3
47,17,5
47,18,0
47,19,1
47,20,4
47,21,4
47,22,2
47,23,1
47,24,5
47,25,3
48,5,5
48,10,5
49,21,5
50,6,5
50,2,5
51,5,5
51,15,5
52,21,4
53,1,5
53,12,5
54,1,3
54,9,3
55,16,5
56,7,5
57,19,5
57,10,5
58,1,5
58,25,5
59,1,5
59,17,5
60,20,5
61,21,5
62,3,5
63,16,4
64,5,5
64,14,5
65,4,5
66,1,5
66,13,5
67,20,5
68,12,5
68,1,5
69,4,5
69,10,5
69,11,5
70,5,5
70,3,5
71,6,5
72,5,5
73,17,5
74,16,5
75,2,5
75,3,5
76,1,5
77,5,5
78,1,5
79,20,5
80,5,5
81,21,5
82,14,5
83,20,5
84,24,5
84,21,5
85,5,5
86,21,5
87,21,5
88,5,5
89,1,5
90,5,5
90,16,5
90,3,5
90,2,5
90,1,5
91,12,5
92,24,5
92,21,5
93,1,5
93,9,5
94,2,5
94,4,5
95,5,4
95,25,4
96,12,5
97,21,5
98,4,5
99,4,5
100,21,5
101,21,5
102,5,5
103,20,5
104,5,5
105,5,5
105,13,5
105,14,5
105,15,5
105,16,5
106,12,5
107,12,5
108,5,5
108,14,5
109,1,5
110,1,4
111,2,5
112,21,5
113,1,5
113,9,5
114,6,5
115,12,5
116,20,5
117,16,5
118,21,5
119,4,5
120,21,5
121,6,5
122,5,5
123,23,5
124,21,5
125,21,5
126,23,5
127,21,5
128,21,5
129,1,5
130,4,5
130,7,5
131,7,5
131,2,5
131,21,5
131,24,5
131,11,5
131,4,5
132,1,5
132,16,5
132,12,5
132,21,5
132,2,5
133,20,4
133,5,5
133,12,4
133,21,5
133,17,5
134,7,5
135,5,5
135,21,5
135,7,5
135,17,5
135,14,4
136,1,5
136,20,5
136,21,5
137,1,5
137,7,5
137,5,5
137,6,4
137,20,5
138,5,5
139,6,5
139,5,5
139,1,3
139,7,5
139,10,5
140,4,5
140,7,5
140,21,5
140,20,4
140,12,5
140,2,5
140,6,5
141,20,5
141,5,5
141,21,5
141,1,5
141,14,5
142,1,5
142,7,5
143,7,5
144,17,5
145,5,5
146,2,5
146,16,5
146,5,5
146,20,5
146,21,5
146,24,5
147,1,5
147,14,5
147,21,5
147,4,5
148,12,5
149,7,5
149,21,5
149,14,5
149,1,5
150,23,5
150,5,5
151,5,5
151,12,5
151,7,5
151,17,5
151,4,5
152,24,5
152,18,5
152,2,5
152,6,5
152,16,5
153,20,5
153,6,5
153,11,5
153,21,5
154,7,5
155,1,5
155,20,5
156,12,5
156,2,5
156,20,5
157,21,5
158,7,5
159,17,5
159,12,5
159,1,5
160,1,4
161,7,5
162,11,5
163,21,5
164,5,5
165,1,4
166,21,5
167,21,5
168,20,5
169,4,4
170,7,5
171,4,5
172,12,5
173,20,5
174,4,5
174,16,5
175,20,5
176,21,5
177,7,5
178,1,5
179,2,5
180,20,5
181,6,5
182,7,5
183,20,5
184,12,5
185,24,5
186,20,5
187,16,5
188,12,5
189,21,5
190,1,5
191,21,5
192,5,5
193,21,5
194,14,5
195,21,5
196,5,5
197,20,5
198,12,5
199,17,5
200,6,5
201,5,5
202,1,5
203,1,5
204,21,5
205,1,5
206,6,5
207,14,4
208,2,4
209,21,5
210,16,4
211,4,5
212,16,5
213,1,5
213,5,5
214,21,5
215,10,5
216,2,5
217,5,5
218,2,5
219,1,5
220,7,5
221,20,5
222,21,5
223,1,5
224,5,5
225,16,5
226,7,5
227,16,5
228,6,5
228,7,5
229,20,5
230,20,5
231,2,5
232,2,5
232,10,5
233,4,5
234,10,5
235,4,5
236,7,5
237,1,5
238,1,5
239,16,4
240,12,5
241,7,5
242,20,5
243,20,5
244,21,5
245,5,5
246,6,5
247,5,5
248,16,5
249,10,5
250,10,5
251,5,5
252,21,5
253,22,5
254,20,5
255,21,5
256,2,5
257,20,5
258,12,5
259,5,5
260,6,5
261,17,5
262,1,4
263,1,5
264,16,5
265,21,5
266,5,5
267,6,5
268,21,5
269,6,5
270,2,4
271,20,5
272,21,5
273,5,5
274,20,5
275,14,5
276,16,5
277,24,5
278,1,5
279,16,5
280,16,5
281,2,5
282,7,5
283,17,1
284,21,5
285,5,5
286,24,4
286,5,4
287,21,5
288,2,5
289,1,5
290,7,5
291,20,5
292,5,5
293,24,4
293,10,4
294,2,4
295,5,5
296,20,4
297,11,5
298,23,5
299,21,5
300,21,5
301,14,5
302,21,5
303,21,5
304,24,5
305,16,5
306,1,5
307,1,5
308,7,5
309,4,5
310,5,5
311,5,4
312,12,5
313,5,5
314,5,5
315,5,5
316,20,5
317,16,5
318,2,5
319,21,5
320,17,5
321,16,5
322,20,5
323,21,5
324,21,5
325,21,3
326,21,5
327,20,5
328,2,5
329,16,5
330,21,5
331,2,5
332,16,5
333,5,5
334,4,5
335,12,5
336,17,5
337,4,5
338,2,5
339,20,5
340,4,5
341,21,5
342,6,5
343,2,5
344,1,5
345,16,5
346,7,5
347,23,5
348,7,5
349,2,5
350,5,5
351,16,5
352,1,3
353,16,5
354,16,5
355,5,5
356,2,5
357,21,5
358,16,5
359,1,4
360,21,5
361,21,4
362,21,5
363,4,5
364,21,5
365,1,3
366,16,5
367,20,5
368,10,5
369,21,5
370,1,5
371,21,5
372,21,5
373,5,5
373,1,5
374,23,5
375,5,5
376,17,4
377,5,5
378,4,4
379,21,4
380,20,4
381,1,5
382,1,5
383,5,4
384,6,5
385,10,5
386,5,5
387,14,5
388,21,5
389,7,5
390,4,5
391,2,5
392,4,5
393,10,5
393,1,5
394,21,5
395,4,5
396,1,5
397,7,5
398,1,5
399,21,5
400,21,5
401,6,5
402,20,5
403,21,4
404,4,5
405,5,5
406,7,5
407,5,5
408,5,5
409,5,5
410,21,5
411,21,5
412,12,5
413,1,5
414,2,5
415,14,5
416,1,5
417,2,5
418,2,5
419,7,5
420,5,5
421,10,5
422,7,5
423,7,5
424,5,5
425,16,5
426,1,5
427,21,5
428,10,5
429,12,5
430,14,5
431,7,5
432,16,5
433,5,5
434,11,4
435,16,5
436,5,5
437,21,4
438,5,5
439,5,5
440,4,5
441,5,5
442,5,5
443,17,4
444,2,1
445,5,5
446,16,5
447,16,3
448,20,5
449,6,5
450,21,5
451,2,5
452,16,5
453,1,4
454,12,5
455,6,5
456,18,5
457,1,5
458,5,5
459,5,5
460,14,5
461,17,5
462,7,5
463,1,5
464,1,5
465,2,5
466,12,5
467,21,5
468,2,5
469,23,5
470,5,5
471,21,5
472,5,5
473,17,5
474,4,5
475,20,5
476,2,5
477,2,5
478,21,5
479,7,5
480,1,5
481,1,3
482,20,5
483,21,5
484,5,5
485,4,5
486,24,5
487,7,5
488,20,5
489,6,5
490,16,5
491,7,5
492,7,5
493,20,5
494,21,4
495,7,5
496,20,5
497,18,5
498,20,5
499,5,5
500,7,5
501,14,5
502,4,5
503,5,5
504,12,5
505,21,4
506,21,5
507,4,5
508,24,5
509,4,5
509,16,5
510,12,5
511,21,5
512,1,5
512,5,5
513,4,5
514,21,5
515,24,4
515,16,4
516,21,5
517,4,5
518,21,5
519,12,5
520,11,5
521,2,5
522,20,5
523,10,5
524,20,5
525,21,5
526,21,5
527,1,5
528,17,5
529,2,5
530,1,5
531,2,4
532,20,5
533,7,5
534,2,4
535,1,5
536,12,5
537,2,5
538,2,5
539,16,5
540,5,5
541,21,5
542,5,5
543,7,5
544,24,5
545,21,5
546,2,5
547,12,5
548,5,5
549,16,5
550,20,5
551,2,5
552,20,5
553,5,5
554,21,5
555,20,5
556,21,5
557,16,5
558,4,4
559,21,5
560,1,5
561,17,5
562,7,5
563,21,5
564,5,5
565,4,5
566,5,5
566,16,5
567,7,5
567,10,5
568,2,5
569,4,5
570,21,5
571,2,5
572,21,5
573,6,5
574,14,5
575,16,5
576,1,5
577,21,5
578,2,5
579,21,5
580,5,5
581,5,5
582,7,5
583,16,5
584,12,5
585,21,5
586,2,5
587,4,5
588,12,5
589,21,5
590,21,5
591,6,5
592,1,5
593,21,5
594,4,5
595,21,5
596,12,5
597,12,5
597,5,5
598,5,5
599,21,5
600,1,5
601,5,5
602,10,5
603,5,5
604,5,5
605,2,5
606,7,5
607,10,5
608,17,5
609,21,5
610,12,4
611,21,5
612,21,5
613,14,5
614,2,5
615,1,5
616,21,5
617,1,5
618,6,5
619,21,5
620,16,5
621,21,5
622,21,5
623,1,5
624,21,5
625,1,5
626,10,5
627,21,5
628,7,5
629,7,5
630,7,5
631,11,5
632,16,5
633,1,5
634,5,4
635,7,5
636,5,5
637,1,5
638,7,5
639,1,5
640,14,5
641,10,5
642,6,5
643,21,5
644,21,5
645,15,5
646,20,5
647,7,5
648,1,4
649,17,5
650,5,5
651,21,5
652,16,5
653,4,5
654,4,5
655,1,5
656,4,5
657,7,5
658,7,5
659,24,5
660,2,5
661,4,5
662,4,5
663,14,5
664,10,5
665,5,4
666,12,5
667,21,4
668,21,5
669,10,5
670,5,5
671,5,5
672,5,5
673,20,3
674,1,5
675,1,5
676,21,5
677,5,5
678,10,5
679,7,5
680,21,5
681,21,5
682,5,5
683,5,5
684,22,5
685,21,5
686,15,5
686,6,5
687,21,5
688,12,5
689,12,4
690,22,5
691,14,5
692,21,5
693,5,5
694,12,5
695,1,4
696,21,5
697,4,4
698,20,5
698,21,5
698,1,5
698,4,5
699,22,5
700,12,5
701,1,5
702,6,5
703,2,5
704,7,5
705,24,5
705,20,5
706,5,5
707,14,5
707,21,5
708,5,5
709,1,4
709,16,5
709,7,5
710,5,5
710,1,5
711,18,5
711,4,5
712,1,5
713,2,5
714,7,5
715,15,5
716,1,5
717,21,4
717,2,4
718,16,4
719,15,5
720,21,5
721,16,5
722,20,5
723,14,5
724,21,5
725,21,5
726,5,5
727,16,5
728,1,5
729,5,5
730,7,5
731,4,5
732,1,5
733,7,5
734,21,5
735,2,5
736,20,5
737,18,5
738,5,5
739,23,5
740,21,5
741,21,5
742,11,5
743,5,5
744,1,5
745,5,5
746,10,5
747,2,5
748,10,5
749,1,5
750,22,5
751,1,5
752,21,5
753,1,5
754,2,5
755,21,5
756,21,5
757,1,5
758,5,5
759,12,5
760,5,5
761,15,5
762,12,5
763,10,5
764,1,5
765,2,5
766,12,5
767,21,5
768,1,5
769,5,4
770,6,5
771,7,5
772,4,5
773,4,4
774,16,5
775,21,5
776,20,5
777,11,5
778,21,5
779,4,5
780,23,5
781,2,5
782,5,5
783,21,5
784,2,5
785,21,5
786,17,5
787,1,5
788,7,5
789,5,4
790,7,5
790,1,5
791,10,5
791,21,5
792,16,5
793,16,5
793,7,5
794,5,5
795,20,5
796,16,5
797,10,5
798,21,5
799,21,5
800,16,5
801,21,5
802,2,5
803,21,5
804,5,5
805,2,5
806,1,5
807,1,5
808,21,4
809,17,5
810,7,5
810,16,5
811,10,5
812,5,5
813,2,5
814,21,5
814,12,5
815,12,5
816,20,5
817,1,5
818,5,5
819,21,5
820,7,5
821,16,5
822,16,5
823,7,5
824,20,5
825,21,5
826,5,5
827,14,5
828,18,5
829,1,5
830,2,5
831,1,5
832,14,5
833,5,5
834,1,5
835,12,5
836,5,4
837,1,5
838,17,4
839,16,5
840,20,5
841,2,5
842,24,5
843,5,5
844,17,5
845,4,5
846,7,5
846,2,5
847,7,5
848,25,5
849,11,4
850,1,5
851,21,5
852,21,5
853,21,5
854,7,5
855,20,5
856,7,5
857,22,5
857,6,5
858,4,5
858,7,5
859,4,5
859,1,5
860,11,5
861,5,5
861,4,4
862,2,5
862,21,5
863,7,5
864,16,5
864,20,5
865,17,4
865,1,5
866,24,5
866,2,5
866,18,5
866,12,5
866,14,5
867,20,5
867,7,5
868,21,5
868,7,5
869,2,5
870,17,5
870,21,5
871,14,5
871,7,5
872,7,5
872,21,5
872,12,5
872,10,5
873,16,5
873,21,5
874,2,5
874,12,5
875,10,5
875,22,5
876,5,5
876,2,5
877,20,5
878,1,4
879,5,5
880,2,5
881,4,5
882,21,5
883,12,4
884,21,5
885,12,3
886,4,5
887,21,5
888,21,5
889,16,5
890,12,5
891,18,5
892,7,5
893,1,5
894,12,5
895,12,5
896,4,5
897,7,5
898,5,5
899,5,5
900,2,5
901,10,5
902,11,5
903,5,5
904,22,5
904,20,5
904,21,5
905,21,5
906,21,4
907,6,5
908,1,5
909,1,5
910,4,5
911,10,5
912,12,5
913,6,4
914,7,5
915,21,5
916,2,5
917,1,5
918,21,5
919,5,5
920,21,5
921,12,5
922,20,5
923,12,5
924,2,5
925,2,5
926,5,5
927,21,5
928,4,5
929,1,5
930,20,5
931,7,5
932,1,5
932,21,5
933,1,4
934,1,5
935,16,5
936,20,3
937,2,5
938,1,5
939,20,5
940,15,5
941,21,4
942,14,5
943,5,5
944,21,4
945,2,5
946,21,5
947,1,4
948,7,5
949,21,5
950,22,5
951,2,5
952,21,5
953,20,5
953,10,5
954,2,4
955,21,5
956,21,3
957,24,5
958,24,5
959,10,4
960,1,5
961,22,5
962,20,5
963,7,5
964,20,5
965,1,5
966,2,5
967,21,5
968,21,5
969,1,5
970,20,5
971,21,5
972,16,5
973,16,5
974,23,5
975,1,5
976,5,5
977,4,5
978,22,5
979,16,4
980,16,5
981,16,5
982,7,5
983,21,5
984,17,5
985,1,5
986,20,5
987,7,5
988,1,5
989,5,5
990,16,5
991,2,5
992,21,5
993,5,1
994,21,5
995,1,5
996,6,5
997,20,5
998,11,4
999,5,5
1000,7,5
1001,24,5
1002,2,5
1003,11,5
1004,1,5
1005,5,5
1006,12,5
1007,18,5
1008,5,5
1009,12,5
1010,6,4
1011,5,5
1012,20,5
1013,4,5
1014,4,5
1014,2,5
1015,2,5
1016,1,5
1017,5,5
1018,7,5
1019,20,5
1020,20,5
1020,21,5
1021,7,5
1022,1,5
1023,20,5
1024,2,5
1025,24,5
1026,4,5
1027,6,4
1028,7,5
1029,1,5
1030,12,5
1031,20,5
1032,7,5
1033,21,4
1034,5,4
1035,7,5
1036,2,5
1037,20,5
1038,21,5
1039,4,5
1040,20,5
1041,12,5
1042,1,5
1043,7,5
1044,2,4
1045,2,5
1046,21,5
1047,20,5
1048,7,5
1049,4,5
1050,21,5
1051,2,5
1052,12,5
1053,7,5
1054,20,5
1055,2,5
1056,21,5
1057,20,5
1058,6,5
1059,21,5
1060,1,2
1061,16,5
1062,21,5
1063,7,5
1064,1,5
1065,5,4
1066,7,5
1067,2,5
1068,2,5
1069,1,5
1070,5,5
1071,20,5
1072,20,5
1073,20,5
1074,20,5
1075,5,5
1076,2,5
1077,20,3
1078,1,5
1079,2,5
1080,7,5
1080,20,5
1081,20,5
1082,4,5
1083,4,4
1084,21,5
1085,21,5
1086,5,5
1087,1,5
1088,4,5
1089,21,5
1090,21,5
1091,20,5
1092,1,4
1093,5,5
1094,20,5
1095,2,5
1096,21,5
1097,5,5
1098,6,5
1099,1,5
1099,16,4
1100,14,5
1101,2,5
1102,1,5
1103,21,5
1104,1,5
1105,16,5
1106,21,5
1107,5,5
1108,12,5
1109,12,5
1110,21,5
1110,5,5
1111,4,5
1112,2,5
1112,5,5
1112,4,5
1113,2,4
1114,19,5
1114,10,5
1115,12,5
1116,4,5
1117,20,5
1118,5,5
1118,21,5
1118,1,5
1119,4,5
1120,21,5
1121,1,5
1122,7,5
1123,12,5
1124,1,5
1125,15,5
1126,1,5
1127,20,5
1128,7,4
1129,1,5
1130,5,4
1131,2,4
1132,21,5
1133,12,5
1134,5,5
1134,7,5
1135,4,5
1136,5,5
1137,20,5
1138,21,5
1139,21,5
1140,21,4
1141,21,5
1142,21,5
1143,1,4
1144,10,5
1145,20,5
1146,18,5
1147,4,5
1148,5,5
1149,7,5
1150,20,5
1151,21,5
1152,20,5
1153,12,5
1154,2,5
1154,4,5
1155,6,5
1156,12,5
1157,4,5
1158,21,5
1159,10,5
1160,21,5
1161,5,5
1162,1,5
1163,7,5
1164,12,5
1165,5,5
1166,2,5
1167,18,5
1168,20,5
1169,5,5
1170,4,5
1171,2,5
1172,1,5
1173,21,5
1174,20,5
1175,1,5
1176,10,5
1177,20,5
1178,21,5
1179,16,5
1180,20,5
1181,20,5
1182,10,5
1183,12,5
1184,21,5
1185,6,5
1186,1,5
1187,11,5
1188,12,5
1189,2,5
1190,16,4
1191,5,5
1192,2,5
1192,11,5
1193,21,5
1194,2,4
1195,2,5
1196,21,5
1197,20,5
1198,20,5
1198,10,5
1199,6,5
1200,21,5
1201,4,5
1202,21,5
1203,6,5
1204,1,5
1205,1,5
1206,16,5
1207,2,5
1208,18,5
1209,18,5
1210,16,5
1211,16,5
1212,21,5
1213,4,5
1214,1,5
1215,16,5
1216,20,5
1217,2,5
1218,20,5
1219,4,5
1220,21,5
1221,18,5
1222,21,5
1223,4,5
1224,21,5
1225,11,5
1226,16,5
1227,20,4
1228,16,4
1229,1,5
1230,20,5
1231,1,5
1232,12,5
1233,5,5
1234,7,5
1235,21,5
1235,1,5
1236,6,5
1236,2,5
1236,21,5
1236,20,5
1237,4,5
1237,16,5
1238,21,5
1239,16,5
1239,20,5
1240,5,5
1241,16,5
1241,6,5
1241,2,5
1242,5,5
1242,21,5
1243,12,5
1244,2,5
1245,2,5
1246,16,5
1247,1,5
1247,5,5
1248,16,5
1249,21,5
1250,1,5
1251,12,5
1251,5,5
1252,1,5
1253,5,5
1254,20,5
1255,21,5
1256,21,5
1257,21,5
1258,1,5
1259,21,5
1260,20,5
1261,10,5
1261,2,5
1262,20,5
1263,1,5
1264,1,5
1265,2,5
1266,17,5
1267,4,5
1268,7,5
1269,4,5
1270,1,5
1270,5,5
1271,10,5
1272,21,4
1273,21,5
1274,2,5
1275,5,5
1275,1,5
1276,4,5
1277,10,5
1278,5,5
1279,17,5
1280,21,5
1281,2,5
1282,2,5
1283,6,5
1284,21,5
1285,6,5
1286,7,5
1287,7,5
1288,20,5
1289,14,5
1290,10,5
1291,20,5
1292,20,5
1293,1,3
1294,21,5
1295,7,5
1296,6,5
1296,7,5
1297,2,5
1298,16,5
1299,17,5
1300,12,5
1301,1,5
1302,21,5
1303,4,5
1304,17,5
1305,7,5
1306,2,5
1307,12,5
1308,7,5
1309,1,5
1310,1,5
1311,1,5
1312,21,5
1312,20,5
1313,21,5
1314,16,5
1315,7,5
1316,24,5
1317,21,5
1318,2,5
1319,7,5
1320,5,5
1321,21,5
1322,16,5
1323,20,5
1324,21,5
1325,21,5
1326,1,5
1327,16,5
1328,1,5
1329,16,5
1330,16,5
1331,16,5
1332,5,5
1333,5,5
1334,10,5
1335,20,5
1336,21,5
1337,1,5
1338,1,5
1339,2,5
1340,1,5
1341,20,5
1342,5,5
1343,21,5
1344,4,5
1345,21,5
1346,12,5
1347,20,5
1348,14,5
1349,1,5
1350,7,5
1351,22,5
1352,16,3
1353,20,5
1354,22,5
1355,5,5
1356,4,5
1357,11,5
1358,21,5
1359,21,5
1360,24,5
1361,7,5
1362,24,4
1362,25,4
1363,21,5
1364,24,5
1365,11,5
1366,4,5
1367,17,5
1368,21,5
1369,21,5
1369,23,5
1370,24,1
1371,21,5
1372,4,5
1373,6,5
1374,1,5
1375,5,5
1376,21,5
1377,20,5
1378,21,5
1379,21,4
1380,4,5
1381,1,5
1382,7,5
1383,4,5
1384,5,5
1385,2,5
1386,10,5
1387,5,5
1388,5,5
1389,20,5
1390,12,5
1391,14,5
1392,4,5
1393,5,5
1394,5,5
1395,1,5
1396,1,5
1397,16,5
1398,20,5
1399,12,5
1400,7,5
1401,16,5
1402,12,5
1403,12,5
1404,5,5
1405,7,5
1406,21,5
1407,21,5
1408,7,5
1409,21,5
1410,5,5
1411,16,5
1412,1,5
1413,1,5
1414,7,5
1415,12,5
1416,1,5
1417,21,4
1418,2,5
1419,7,5
1420,1,5
1421,21,5
1422,1,5
1423,10,4
1424,2,5
1425,21,5
1426,16,5
1427,10,5
1428,16,5
1429,21,5
1430,1,5
1431,7,5
1432,20,5
1433,21,5
1434,21,5
1435,22,5
1436,1,5
1437,21,4
1438,12,5
1439,20,5
1440,1,5
1441,21,5
1441,20,5
1442,10,5
1443,5,5
1444,4,5
1445,12,5
1446,7,5
1447,5,5
1448,16,5
1449,5,5
1450,5,5
1451,6,4
1452,7,5
1453,22,5
1454,12,5
1455,17,5
1456,11,5
1457,10,5
1458,24,5
1458,21,5
1459,21,4
1460,10,5
1461,4,5
1462,1,5
1463,7,5
1464,1,5
1465,12,5
1466,1,5
1467,5,5
1468,16,5
1469,16,5
1470,2,5
1471,1,5
1472,24,5
1473,20,5
1474,16,5
1475,5,4
1476,21,5
1477,7,5
1478,7,5
1479,6,5
1480,5,5
1481,1,5
1482,17,5
1483,5,4
1484,23,5
1485,1,5
1486,21,5
1487,5,5
1488,5,5
1488,1,5
1489,1,5
1489,5,5
1490,6,5
1491,7,5
1492,4,5
1493,16,5
1493,25,3
1494,7,5
1495,1,5
1495,12,5
1496,1,5
1497,16,5
1498,7,5
1499,7,5
1500,16,5
1501,2,5
1502,20,5
1503,5,5
1504,5,5
1505,7,5
1506,5,5
1507,4,5
1508,2,5
1509,11,5
1510,21,5
1511,10,5
1512,21,4
1513,1,4
1514,20,5
1515,21,5
1516,11,5
1517,1,5
1518,2,5
1519,5,5
1520,7,5
1521,21,4
1522,2,4
1522,21,4
1523,5,5
1524,1,5
1525,20,4
1526,21,5
1527,5,5
1528,21,5
1529,6,5
1530,5,5
1531,12,5
1532,16,5
1533,18,5
1534,12,5
1535,6,5
1536,18,5
1537,1,5
1538,5,4
1539,21,5
1540,7,4
1541,2,5
1542,21,5
1543,6,5
1544,21,5
1545,7,5
1546,12,5
1547,6,5
1548,6,5
1549,20,5
1550,12,5
1551,21,5
1552,4,5
1553,2,5
1554,2,5
1555,1,5
1556,5,4
1557,21,5
1558,20,5
1559,21,5
1560,7,5
1561,21,5
1562,2,5
1563,5,5
1564,1,5
1565,21,5
1566,21,4
1567,20,5
1568,24,5
1569,7,5
1570,21,4
1571,21,5
1572,21,5
1573,1,5
1574,20,5
1575,21,4
1576,6,4
1577,14,5
1578,21,5
1579,14,5
1580,21,5
1581,16,5
1582,12,5
1583,18,5
1584,21,5
1585,15,5
1586,7,5
1587,4,5
1588,16,5
1589,21,5
1590,2,4
1591,2,5
1592,20,5
1593,4,5
1594,4,5
1594,21,5
1595,21,4
1596,24,4
1596,6,4
1597,7,5
1598,10,3
1598,24,3
1599,17,5
1600,5,5
1601,12,5
1602,4,5
1603,12,5
1604,6,5
1605,21,5
1606,4,5
1607,20,5
1608,4,5
1609,2,5
1610,21,4
1611,23,5
1612,1,5
1613,1,5
1614,1,5
1615,4,5
1616,1,5
1617,21,5
1618,24,5
1618,22,5
1618,2,5
1619,7,4
1620,7,5
1621,1,5
1621,7,5
1622,21,5
1622,1,5
1623,18,5
1624,2,5
1624,14,5
1625,7,5
1626,21,5
1626,2,5
1626,4,5
1627,16,5
1628,14,5
1629,20,5
1630,20,5
1631,18,5
1632,5,5
1632,1,5
1633,12,5
1634,5,5
1634,1,5
1635,17,5
1636,21,4
1637,12,5
1638,7,5
1638,5,5
1639,5,5
1640,2,5
1641,18,5
1642,7,5
1643,5,5
1644,4,5
1645,2,5
1646,14,5
1647,12,5
1648,21,5
1649,21,5
1650,1,4
1650,5,4
1651,6,5
1652,4,5
1653,6,5
1654,1,5
1655,1,5
1656,1,5
1657,5,5
1658,4,5
1659,2,5
1660,21,3
1661,17,5
1662,20,5
1663,12,5
1664,4,5
1665,2,5
1665,7,5
1666,1,5
1667,21,5
1668,21,5
1669,12,5
1670,10,5
1671,21,5
1672,11,5
1673,7,5
1674,10,5
1675,11,5
1676,16,5
1677,5,5
1678,1,4
1679,1,5
1680,4,5
1681,16,5
1682,20,5
1683,21,5
1684,2,5
1685,20,5
1686,7,5
1687,16,5
1688,20,5
1689,21,5
1690,5,5
1691,4,5
1692,12,5
1693,2,5
1694,20,5
1694,4,5
1695,7,5
1696,21,5
1697,2,5
1698,12,5
1699,2,5
1699,1,5
1700,5,5
1701,15,5
1702,21,5
1703,2,5
1704,2,5
1705,5,5
1706,24,5
1707,1,5
1708,14,4
1709,2,5
1710,2,5
1711,16,5
1712,21,5
1713,12,5
1714,21,5
1715,20,4
1716,21,5
1717,1,4
1718,4,5
1719,10,5
1720,21,5
1721,21,5
1722,17,5
1723,21,5
1724,20,5
1725,12,5
1726,5,5
1727,1,5
1728,5,5
1729,7,5
1730,5,4
1731,5,5
1732,5,5
1733,16,5
1734,7,5
1735,17,5
1736,6,5
1736,2,5
1736,17,5
1737,21,5
1738,16,5
1739,21,5
1740,4,5
1741,2,5
1742,16,5
1743,21,5
1744,7,5
1745,5,5
1746,16,5
1747,6,5
1748,7,5
1749,10,5
1750,2,5
1751,4,5
1752,1,5
1752,21,5
1753,16,5
1754,11,5
1755,1,5
1756,1,5
1757,7,5
1758,21,5
1759,21,4
1760,1,5
1761,10,5
1762,7,5
1763,1,5
1764,1,4
1765,4,5
1765,21,5
1766,21,5
1767,20,5
1768,10,5
1769,2,5
1770,24,5
1771,20,4
1772,2,5
1773,20,5
1774,5,5
1775,14,5
1776,5,5
1777,4,5
1778,1,5
1779,2,5
1779,5,5
1780,1,5
1781,5,5
1782,21,5
1783,16,4
1784,21,5
1785,21,5
1785,20,5
1786,4,4
1787,16,5
1788,21,5
1789,12,5
1790,20,5
1791,5,5
1792,4,5
1793,12,5
1794,4,5
1795,2,5
1796,2,5
1797,4,5
1798,23,5
1799,12,5
1800,6,5
1801,24,5
1802,1,5
1803,2,5
1804,1,5
1805,21,5
1806,21,5
1807,20,5
1808,12,5
1809,6,5
1810,5,5
1811,21,5
1812,21,5
1813,2,5
1814,21,5
1815,14,5
1816,20,4
1817,2,5
1817,5,5
1818,4,5
1819,7,5
1820,21,5
1821,5,4
1822,5,5
1823,20,5
1824,5,5
1825,24,5
1826,21,5
1827,5,5
1828,7,5
1829,21,5
1830,16,5
1831,5,5
1831,4,5
1831,16,5
1832,2,5
1832,16,5
1833,5,5
1834,10,5
1834,2,5
1835,7,5
1836,16,5
1837,5,5
1838,5,5
1839,5,5
1840,1,5
1841,1,5
1842,12,5
1843,20,5
1844,2,5
1845,1,5
1846,2,5
1847,20,5
1848,20,5
1849,7,5
1850,17,5
1851,10,5
1852,12,5
1853,4,5
1854,16,5
1855,1,5
1856,4,5
1857,17,5
1858,2,5
1859,18,5
1860,7,5
1861,7,5
1862,5,5
1863,7,5
1864,21,5
1865,22,5
1866,21,5
1867,21,5
1868,20,5
1869,24,5
1870,1,5
1871,6,5
1872,18,5
1873,21,5
1874,1,5
1875,2,5
1876,2,5
1877,16,5
1878,7,5
1879,20,5
1880,7,5
1881,21,4
1882,16,5
1883,21,5
1884,7,5
1885,5,5
1885,2,5
1886,21,5
1887,5,5
1888,6,5
1889,5,5
1890,1,4
1891,21,5
1892,4,5
1893,5,5
1894,21,5
1894,14,5
1895,20,5
1896,21,5
1897,1,5
1897,7,4
1898,6,5
1899,21,5
1900,21,5
1901,1,5
1902,12,5
1903,21,5
1904,20,5
1905,2,5
1906,1,5
1907,12,5
1908,20,5
1909,5,5
1910,1,5
1911,1,5
1912,1,3
1913,12,5
1914,6,4
1915,21,5
1916,2,4
1917,5,5
1918,2,5
1919,5,5
1920,21,5
1921,5,5
1922,2,5
1923,16,5
1924,1,5
1925,5,4
1926,21,5
1927,10,5
1928,2,5
1929,1,5
1930,2,5
1931,1,5
1932,2,4
1933,5,5
1934,16,5
1935,21,5
1936,2,5
1937,1,5
1938,20,5
1939,21,5
1940,5,5
1941,11,5
1941,7,5
1942,1,5
1942,10,5
1942,18,5
1943,1,5
1944,21,5
1945,18,5
1946,5,5
1947,1,5
1948,5,5
1949,21,5
1950,1,5
1951,21,5
1952,5,5
1953,21,5
1954,21,5
1955,5,5
1956,4,5
1957,21,5
1958,1,5
1959,14,5
1960,16,5
1961,5,4
1962,1,5
1963,5,5
1964,20,5
1965,1,5
1966,2,5
1967,1,1
1967,5,1
1968,22,5
1969,21,5
1970,21,5
1971,1,5
1972,1,5
1973,1,5
1974,4,5
1975,16,5
1975,21,5
1976,7,5
1977,20,5
1978,20,5
1979,21,5
1980,17,5
1981,10,5
1982,5,5
1983,12,5
1983,24,5
1984,2,5
1984,5,5
1984,16,5
1985,21,5
1986,1,5
1987,5,4
1987,7,5
1988,4,5
1989,1,5
1990,5,4
1991,21,5
1992,2,5
1993,20,5
1994,4,5
1995,2,5
1996,10,5
1997,20,5
1998,5,5
1999,20,5
2000,7,5
2001,12,5
2002,7,5
2003,5,5
2004,18,5
2005,24,5
2005,21,5
2006,4,5
2006,7,5
2007,12,5
2008,5,5
2009,23,5
2010,2,5
2011,4,5
2012,5,5
2013,5,5
2014,16,5
2015,1,5
2016,7,5
2017,4,5
2018,14,4
2019,21,5
2020,6,5
2021,20,5
2022,7,5
2023,18,5
2024,4,5
2025,5,5
2026,16,5
2027,23,5
2028,5,5
2029,21,5
2030,21,5
2031,6,5
2032,21,5
2033,10,5
2034,1,5
2035,1,5
2036,20,3
2037,5,5
2038,22,5
2039,4,5
2040,20,5
2041,5,5
2041,11,5
2042,14,5
2043,7,5
2044,5,5
2045,20,5
2046,7,4
2046,5,5
2046,10,5
2047,2,5
2047,4,5
2048,12,4
2048,7,5
2049,10,4
2049,20,4
2049,4,5
2049,5,5
2050,1,5
2050,21,5
2050,17,5
2051,16,5
2051,6,5
2052,1,5
2052,5,5
2053,20,5
2054,20,5
2054,21,5
2054,16,5
2054,2,5
2054,1,5
2054,5,5
2055,1,5
2055,12,5
2055,5,5
2056,6,5
2056,5,4
2056,16,5
2057,5,5
2057,2,5
2058,2,5
2058,5,5
2059,10,5
2060,21,5
2060,6,5
2060,5,5
2060,1,5
2060,4,5
2061,5,5
2062,1,5
2063,14,5
2064,5,5
2064,7,5
2065,10,5
2066,11,5
2066,4,5
2067,2,5
2068,7,5
2069,21,5
2069,7,5
2070,6,5
2071,2,5
2072,21,5
2073,21,5
2074,1,5
2075,23,5
2076,16,5
2077,2,5
2078,20,5
2079,20,5
2080,24,5
2080,21,5
2081,21,5
2082,21,5
2083,20,5
2084,2,5
2085,1,5
2086,1,5
2087,5,5
2088,16,5
2089,2,5
2090,21,5
2091,21,5
2092,21,3
2093,21,5
2094,21,5
2095,2,5
2096,22,5
2097,10,5
2098,1,4
2099,2,5
2100,7,5
2101,10,5
2102,1,5
2103,20,5
2104,5,5
2105,6,4
2105,21,5
2106,20,5
2107,21,5
2108,2,5
2109,16,5
2110,21,5
2111,17,5
2112,10,5
2113,1,5
2114,2,5
2115,4,5
2116,1,5
2117,5,5
2118,4,5
2119,7,5
2120,10,5
2121,17,5
2122,4,5
2123,7,5
2124,1,5
2125,24,5
2126,2,5
2127,1,5
2128,1,5
2129,21,5
2130,1,4
2131,7,5
2132,1,5
2132,7,5
2133,24,5
2134,1,5
2135,10,4
2136,16,5
2137,5,4
2138,4,5
2138,20,5
2139,6,3
2140,1,5
2141,18,5
2142,1,5
2143,20,5
2143,22,5
2144,2,5
2145,1,5
2146,5,5
2147,7,5
2148,16,5
2149,24,5
2150,2,5
2151,16,5
2152,16,5
2153,20,5
2154,17,4
2155,21,5
2156,7,5
2157,12,5
2158,6,5
2159,12,5
2160,21,5
2161,21,5
2162,2,5
2162,7,5
2163,24,5
2164,2,5
2165,17,5
2166,21,5
2167,7,5
2168,2,5
2169,21,5
2170,16,5
2171,21,4
2172,16,5
2173,20,5
2174,16,5
2175,5,5
2176,5,5
2177,6,5
2178,20,5
2179,17,3
2180,14,5
2181,21,5
2182,2,5
2183,10,5
2184,7,5
2185,10,5
2186,12,5
2187,7,5
2188,16,5
2189,4,5
2190,4,5
2191,1,5
2192,5,5
2193,10,5
2194,16,5
2195,11,5
2196,4,5
2197,17,5
2198,2,5
2199,6,5
2200,21,4
2201,10,5
2202,6,5
2203,5,5
2204,5,4
2205,1,5
2206,4,5
2207,2,5
2208,21,5
2209,21,5
2210,10,5
2211,2,4
2212,4,4
2213,21,5
2214,4,5
2214,16,5
2215,2,5
2216,1,5
2217,5,5
2218,11,5
2219,21,5
2220,1,5
2221,6,5
2222,4,5
2223,21,5
2224,21,5
2225,21,5
2226,21,5
2227,1,4
2228,2,5
2229,21,5
2230,5,5
2231,20,5
2232,5,5
2233,21,5
2234,17,5
2235,1,5
2236,16,5
2236,5,5
2237,21,5
2238,21,5
2239,4,5
2240,12,5
2241,1,5
2242,7,5
2243,2,5
2244,4,5
2245,16,5
2246,1,4
2247,5,5
2248,14,5
2249,1,5
2250,21,4
2251,10,5
2252,21,5
2253,21,3
2254,1,5
2255,17,5
2256,17,5
2257,17,5
2258,6,4
2259,12,5
2260,22,5
2261,21,5
2262,10,5
2263,21,5
2264,4,5
2265,5,5
2266,1,5
2267,5,5
2268,16,4
2269,6,3
2270,23,5
2271,1,5
2272,6,5
2273,5,5
2274,4,5
2275,16,5
2276,5,5
2277,17,5
2278,5,4
2279,11,4
2280,10,5
2280,19,5
2281,4,5
2282,20,5
2283,4,5
2284,2,5
2285,21,5
2286,12,5
2287,5,5
2288,5,5
2289,5,5
2290,2,5
2291,5,5
2292,5,5
2293,21,5
2294,1,4
2295,2,5
2296,24,5
2297,21,5
2298,4,5
2299,5,5
2300,2,5
2301,21,5
2302,21,5
2303,2,5
2304,16,5
2305,16,5
2306,16,5
2307,7,5
2307,2,5
2307,4,5
2308,5,5
2309,14,5
2309,16,5
2310,1,5
2310,21,5
2311,6,5
2311,10,5
2311,7,5
2311,20,5
2312,4,5
2313,4,5
2314,5,5
2315,20,5
2315,14,5
2315,21,4
2316,5,4
2316,16,5
2316,4,5
2317,11,5
2318,10,5
2319,14,5
2320,5,5
2321,20,5
2322,7,5
2323,6,5
2324,7,5
2325,7,5
2326,5,5
2327,5,5
2328,4,5
2329,4,5
2330,20,5
2331,11,5
2332,21,5
2333,1,5
2334,12,5
2335,1,5
2336,1,5
2337,7,5
2337,10,5
2338,1,5
2339,20,5
2340,20,5
2341,1,5
2342,4,5
2343,1,2
2344,21,5
2345,12,4
2346,2,5
2347,20,5
2348,14,5
2349,5,5
2350,7,5
2351,21,5
2352,22,5
2353,1,5
2353,2,5
2354,21,5
2355,10,5
2356,5,5
2357,20,5
2358,1,5
2359,1,4
2360,2,5
2361,4,5
2362,21,5
2363,5,5
2364,1,5
2365,1,5
2366,23,5
2367,21,5
2368,2,5
2369,5,5
2370,4,3
2371,14,5
2372,4,5
2373,21,5
2374,16,5
2374,5,5
2375,20,5
2376,21,5
2377,18,5
2378,2,5
2379,16,5
2380,6,5
2381,22,5
2382,1,5
2383,21,5
2384,5,5
2385,4,5
2386,14,5
2387,1,4
2388,21,5
2389,21,5
2390,4,5
2391,1,5
2392,12,5
2393,1,5
2394,5,5
2395,11,5
2396,14,5
2397,2,5
2398,12,5
2399,2,5
2400,21,5
2401,1,5
2402,7,5
2403,12,5
2404,16,5
2405,12,5
2406,11,5
2407,1,5
2408,21,4
2409,16,5
2410,1,5
2411,21,4
2412,20,5
2413,16,5
2414,15,5
2415,7,5
2416,5,5
2417,14,5
2418,21,5
2419,20,5
2420,24,5
2421,21,5
2422,2,5
2423,5,5
2424,16,5
2425,2,5
2426,5,5
2427,4,5
2428,12,5
2429,14,5
2430,10,5
2431,5,5
2432,21,5
2433,20,4
2434,16,5
2435,21,5
2436,21,5
2437,5,5
2438,12,5
2439,5,5
2440,1,5
2441,16,5
2442,1,5
2442,7,5
2443,5,5
2444,4,5
2445,10,5
2446,1,5
2447,20,5
2448,16,5
2449,1,5
2450,4,5
2451,1,5
2452,1,5
2453,6,5
2454,21,5
2455,21,5
2456,21,5
2457,2,5
2458,20,5
2459,16,5
2460,12,5
2461,20,5
2462,16,4
2463,2,5
2464,16,5
2464,12,5
2465,21,5
2466,5,5
2467,5,5
2468,1,5
2469,1,5
2470,2,5
2471,7,5
2471,5,5
2471,1,5
2471,6,5
2472,21,5
2473,7,5
2474,2,5
2475,7,5
2476,12,5
2477,2,4
2478,20,5
2479,21,5
2480,6,5
2481,22,5
2482,22,5
2483,4,5
2484,7,5
2485,4,5
2486,10,5
2487,7,5
2488,20,5
2489,7,5
2490,7,5
2491,20,5
2492,18,5
2493,1,5
2494,4,5
2495,21,5
2496,12,5
2497,16,5
2498,17,5
2499,2,5
2500,2,5
2501,2,5
2502,21,5
2503,21,5
2504,17,4
2505,16,5
2506,2,5
2507,2,5
2507,4,5
2508,5,5
2509,5,5
2510,21,4
2511,21,5
2512,4,5
2513,5,5
2514,2,5
2515,4,5
2516,6,5
2517,1,5
2518,2,5
2519,5,5
2520,7,5
2520,21,4
2521,21,5
2521,5,5
2522,21,5
2523,4,5
2524,5,5
2524,20,5
2525,20,4
2526,15,5
2527,7,5
2527,1,5
2528,21,5
2529,20,5
2530,12,5
2531,5,5
2532,24,5
2533,20,5
2534,5,5
2535,7,5
2536,16,5
2537,21,5
2538,20,5
2539,7,5
2540,7,5
2541,7,5
2542,4,5
2543,7,5
2544,7,5
2545,2,5
2546,21,5
2547,1,5
2548,4,5
2549,16,5
2550,10,5
2551,18,5
2552,21,5
2553,21,5
2554,16,5
2555,5,5
2556,5,5
2557,12,5
2558,1,5
2559,22,5
2560,5,5
2561,5,5
2562,7,5
2563,1,4
2564,7,5
2565,2,5
2566,21,5
2567,21,5
2568,21,5
2569,12,4
2570,7,5
2571,5,5
2572,2,5
2573,4,4
2574,1,5
2575,12,5
2576,21,5
2577,1,5
2577,6,5
2578,21,4
2579,14,5
2580,21,5
2581,2,5
2582,12,5
2583,2,5
2584,17,5
2585,17,5
2586,24,5
2587,5,5
2588,1,5
2589,1,5
2590,21,5
2591,7,5
2592,1,5
2593,10,5
2594,5,5
2595,5,4
2596,4,5
2597,1,5
2598,6,5
2599,16,5
2599,12,5
2600,2,5
2601,1,4
2602,6,5
2603,21,5
2604,2,5
2605,4,5
2606,10,5
2607,15,5
2608,21,5
2609,10,5
2610,21,5
2611,5,5
2612,18,5
2613,21,5
2614,21,5
2615,5,5
2616,6,5
2617,1,5
2618,14,5
2619,2,5
2619,4,5
2620,5,5
2620,2,5
2620,21,5
2621,2,5
2621,4,5
2621,16,5
2622,12,5
2622,4,5
2622,1,5
2623,14,5
2623,21,5
2623,5,5
2623,15,4
2624,5,5
2625,5,4
2625,1,5
2626,2,5
2626,5,5
2627,2,5
2627,12,5
2627,21,5
2628,2,5
2628,16,5
2628,20,5
2628,12,5
2628,21,5
2628,7,5
2628,1,5
2629,1,5
2630,18,5
2630,20,5
2630,21,5
2631,20,5
2632,7,5
2632,1,5
2632,21,5
2633,16,5
2633,15,5
2634,21,5
2634,4,5
2635,5,5
2636,7,5
2636,20,5
2636,1,5
2636,25,5
2636,5,5
2637,2,5
2638,21,4
2638,20,3
2638,7,5
2639,21,5
2639,1,5
2639,7,5
2639,17,5
2640,4,5
2640,10,5
2641,4,5
2641,5,4
2642,12,5
2643,10,5
2644,1,5
2645,4,5
2646,7,5
2647,7,5
2648,20,5
2649,20,5
2650,4,5
2651,21,5
2652,2,5
2653,16,5
2654,21,5
2655,21,5
2656,10,5
2657,16,5
2658,1,5
2659,20,5
2660,21,5
2661,1,5
2662,5,5
2663,21,5
2663,23,5
2664,4,5
2665,21,5
2666,20,5
2667,21,5
2668,16,5
2669,20,5
2670,21,5
2671,2,5
2672,4,4
2673,21,5
2674,7,5
2675,4,5
2676,5,5
2677,5,5
2678,21,5
2679,21,5
2680,2,5
2681,16,5
2682,5,5
2683,5,5
2684,7,5
2685,5,5
2686,21,5
2687,24,5
2688,1,5
2689,1,4
2690,20,5
2691,1,5
2692,10,5
2693,5,5
2694,21,5
2695,11,5
2696,7,5
2697,20,5
2698,17,5
2699,10,5
2700,21,5
2701,1,5
2702,1,5
2703,1,5
2703,12,5
2704,1,5
2705,16,5
2706,1,5
2707,21,5
2708,21,5
2709,16,5
2710,7,5
2710,5,5
2711,5,5
2712,10,5
2713,1,5
2714,4,5
2715,7,5
2716,21,5
2717,21,5
2718,21,5
2719,1,5
2720,21,5
2721,12,5
2722,1,5
2723,21,5
2724,21,5
2725,1,5
2726,1,5
2727,5,5
2728,4,5
2729,21,5
2730,21,5
2731,5,4
2732,17,5
2733,21,5
2734,2,5
2735,22,5
2736,17,5
2737,7,5
2738,1,5
2739,12,5
2740,24,5
2740,10,5
2741,2,5
2742,5,5
2743,20,5
2744,21,5
2745,10,5
2746,1,5
2747,5,5
2748,21,4
2749,10,5
2750,2,5
2751,17,5
2752,5,5
2753,16,5
2754,18,5
2755,12,4
2756,23,5
2757,5,5
2758,2,5
2759,21,5
2760,21,5
2761,21,5
2762,6,5
2762,12,5
2763,5,5
2764,21,5
2765,5,5
2766,1,5
2767,1,5
2768,5,5
2769,2,5
2770,2,5
2771,2,5
2772,11,5
2773,17,5
2774,1,5
2775,18,5
2775,7,5
2776,21,5
2777,5,5
2778,5,4
2779,1,5
2780,11,5
2781,2,5
2782,2,5
2783,16,5
2784,21,5
2785,2,5
2786,21,5
2787,22,5
2788,11,5
2789,5,5
2790,21,5
2791,5,5
2792,7,5
2793,5,5
2794,22,5
2795,16,5
2796,18,5
2797,20,4
2798,12,5
2799,21,5
2800,20,5
2801,20,5
2802,1,5
2803,5,5
2804,4,5
2805,5,5
2806,2,5
2807,6,5
2807,5,5
2808,17,5
2809,21,5
2810,7,5
2811,21,5
2812,21,5
2813,20,5
2814,16,5
2815,5,5
2816,7,5
2817,5,5
2818,20,5
2819,1,5
2820,7,5
2821,21,5
2822,20,5
2823,7,5
2824,4,5
2825,2,5
2826,4,4
2827,21,5
2828,1,5
2828,6,5
2829,5,5
2830,5,5
2830,1,5
2831,1,5
2832,2,5
2833,21,5
2834,16,5
2835,20,5
2836,20,5
2837,7,5
2838,1,5
2839,1,5
2840,2,5
2841,21,5
2842,2,5
2843,1,5
2844,5,5
2845,20,5
2846,20,5
2847,7,4
2848,21,5
2849,21,5
2850,17,5
2851,14,5
2852,5,5
2853,20,5
2854,21,5
2854,20,5
2855,1,5
2856,21,5
2857,21,5
2858,5,5
2859,1,5
2860,21,5
2861,5,4
2862,4,5
2863,20,4
2864,20,5
2865,7,5
2866,7,5
2867,5,4
2868,4,5
2869,5,5
2870,21,5
2871,20,5
2872,4,5
2873,12,5
2874,20,5
2875,7,5
2875,6,5
2876,21,5
2877,4,5
2878,4,4
2879,6,5
2880,11,5
2881,20,5
2882,21,5
2883,21,5
2884,21,5
2885,14,5
2886,21,5
2887,21,5
2888,2,5
2889,4,5
2890,21,5
2891,21,5
2892,17,5
2893,21,5
2894,2,5
2895,20,2
2896,6,5
2897,21,5
2898,5,5
2899,5,5
2900,21,5
2901,2,5
2902,1,5
2903,10,5
2904,1,5
2905,21,5
2906,1,5
2907,4,5
2908,21,5
2909,10,5
2910,7,5
2911,12,4
2912,5,5
2913,21,5
2914,21,5
2915,14,5
2916,7,5
2917,4,5
2918,1,4
2919,24,5
2920,2,5
2921,4,5
2922,10,5
2923,1,5
2924,5,5
2925,7,5
2926,11,5
2927,1,5
2928,7,5
2929,21,5
2930,5,5
2931,5,5
2932,2,5
2933,10,5
2934,1,5
2935,10,5
2936,14,5
2937,10,3
2938,21,5
2939,21,5
2940,16,5
2941,5,5
2942,12,5
2943,1,5
2944,1,5
2945,1,5
2946,16,5
2946,21,5
2947,20,5
2947,5,5
2947,1,5
2947,17,5
2948,24,5
2948,12,5
2949,11,5
2949,5,4
2950,1,5
2950,2,5
2950,7,5
2951,17,5
2951,21,5
2952,4,5
2952,17,5
2953,24,5
2953,6,5
2953,5,5
2953,21,5
2954,12,5
2955,16,4
2955,5,5
2956,14,5
2956,17,5
2956,1,5
2956,2,5
2956,7,5
2957,4,5
2958,16,5
2959,4,5
2960,2,5
2960,5,5
2960,7,5
2961,6,5
2961,20,4
2962,4,5
2963,11,5
2963,10,5
2963,7,5
2964,2,5
2964,16,5
2965,5,5
2965,2,5
2965,16,5
2965,21,5
2966,1,5
2967,21,5
2968,2,5
2969,5,5
2970,7,5
2971,21,5
2972,21,5
2973,12,4
2974,5,5
2975,16,5
2976,2,5
2977,5,4
2978,1,5
2979,16,5
2980,21,5
2981,5,5
2982,12,5
2983,7,5
2984,1,5
2985,16,5
2986,24,5
2987,5,4
2988,12,5
2989,21,5
2990,20,5
2991,5,5
2992,2,5
2993,5,5
2994,20,5
2995,20,5
2996,4,3
2997,10,5
2998,21,5
2999,2,5
3000,16,5
3001,4,5
3002,2,5
3003,5,5
3004,21,5
3005,21,5
3006,1,5
3007,21,4
3008,2,5
3009,2,5
3010,21,5
3011,21,5
3012,5,5
3013,21,5
3014,1,5
3015,6,5
3016,24,5
3017,4,5
3018,6,5
3019,18,5
3020,16,5
3021,21,5
3022,10,5
3023,21,5
3023,22,5
3024,21,5
3025,20,5
3026,21,5
3027,4,5
3028,1,5
3029,1,2
3030,21,5
3030,20,5
3031,10,3
3032,4,5
3033,2,5
3034,2,5
3035,7,5
3036,2,5
3037,1,5
3038,1,5
3039,2,5
3040,4,5
3041,12,5
3042,21,5
3043,17,5
3044,21,5
3045,5,5
3046,6,4
3047,24,5
3048,10,5
3049,2,5
3050,21,5
3051,4,5
3052,1,5
3053,5,5
3054,5,5
3055,20,5
3056,21,5
3056,1,4
3057,17,5
3058,1,5
3059,1,5
3060,5,5
3061,5,5
3062,5,5
3063,5,5
3064,5,5
3065,5,5
3066,7,5
3067,4,5
3068,12,5
3069,21,4
3070,20,4
3071,21,5
3072,21,5
3073,1,4
3074,21,5
3075,21,5
3076,1,5
3077,21,5
3078,10,5
3079,7,5
3080,1,4
3081,21,5
3082,16,5
3083,2,4
3084,21,5
3085,2,5
3086,2,5
3086,22,5
3087,1,5
3088,21,5
3089,1,5
3090,20,5
3091,5,5
3092,11,5
3093,11,5
3094,7,5
3095,21,5
3096,21,5
3097,2,5
3098,21,5
3099,5,5
3100,5,5
3101,21,5
3102,16,4
3103,2,5
3104,21,5
3105,5,5
3106,10,5
3107,20,5
3108,7,5
3109,5,3
3110,21,5
3111,21,5
3112,21,5
3113,20,5
3114,16,5
3115,20,5
3116,5,5
3117,11,5
3118,11,5
3119,11,5
3120,16,5
3121,2,5
3122,12,5
3123,1,5
3124,21,5
3125,10,5
3126,2,4
3127,1,5
3128,7,4
3129,21,4
3130,2,5
3131,4,5
3132,1,5
3133,1,5
3134,20,5
3135,2,5
3136,4,5
3137,12,5
3138,21,5
3139,20,5
3140,7,5
3141,7,5
3142,1,5
3143,7,5
3144,2,5
3145,1,5
3146,7,5
3147,12,5
3147,1,5
3148,1,5
3149,1,5
3150,21,5
3151,5,5
3152,1,4
3153,5,5
3154,7,5
3155,5,5
3156,4,5
3157,21,5
3158,16,5
3159,4,5
3160,1,4
3161,24,5
3162,21,5
3163,21,5
3164,18,5
3165,18,5
3166,20,5
3167,2,5
3168,1,4
3169,1,5
3170,5,5
3171,5,5
3172,5,5
3173,1,5
3174,21,5
3175,16,5
3176,12,4
3177,16,5
3177,5,5
3177,4,5
3178,1,3
3179,12,5
3180,5,5
3180,4,5
3181,7,5
3181,1,5
3182,15,5
3183,5,5
3184,11,5
3185,5,4
3186,14,5
3187,1,5
3187,5,5
3188,5,5
3189,23,5
3190,4,5
3191,16,5
3192,5,5
3193,16,5
3194,1,5
3195,14,5
3196,5,5
3197,6,4
3198,1,5
3199,21,5
3200,16,5
3201,20,4
3202,2,5
3203,18,5
3203,16,5
3204,6,5
3205,21,4
3206,16,5
3207,17,5
3208,16,5
3209,21,5
3210,4,5
3211,7,5
3211,6,5
3211,1,5
3212,21,4
3213,17,5
3213,4,5
3214,2,5
3215,5,5
3216,20,5
3217,21,5
3218,5,5
3219,21,4
3220,16,5
3221,4,5
3222,10,5
3223,7,5
3224,2,5
3225,1,5
3226,5,5
3227,21,5
3228,7,5
3229,21,5
3230,20,1
3231,21,5
3232,2,4
3233,1,4
3234,5,5
3235,2,5
3236,12,5
3237,5,5
3238,22,5
3239,5,5
3240,7,5
3240,4,5
3241,5,5
3242,1,5
3243,10,5
3244,1,5
3245,10,4
3246,12,5
3247,21,5
3248,18,5
3249,21,5
3250,5,5
3251,1,5
3252,5,5
3253,20,5
3254,21,5
3255,1,5
3256,5,5
3257,5,5
3258,1,5
3259,2,5
3260,23,5
3261,5,5
3262,5,5
3263,5,5
3264,21,4
3265,16,4
3266,2,5
3267,21,5
3268,20,5
3269,16,5
3270,2,5
3271,5,5
3272,18,5
3273,20,5
3274,2,5
3274,7,5
3275,2,5
3276,21,5
3277,21,5
3278,12,5
3279,1,5
3280,4,5
3281,21,4
3282,5,5
3283,5,5
3284,5,5
3285,10,5
3286,21,4
3287,1,5
3288,1,5
3289,18,5
3290,1,5
3291,20,5
3292,5,5
3293,1,5
3294,5,5
3295,20,5
3296,20,5
3297,21,5
3298,4,5
3299,5,5
3300,16,5
3301,1,5
3302,14,5
3303,7,5
3304,2,5
3305,1,5
3306,21,5
3307,7,5
3308,21,5
3309,24,5
3310,2,5
3311,1,5
3312,21,5
3313,21,5
3314,2,5
3315,22,5
3315,20,5
3316,11,5
3317,16,5
3318,1,5
3319,21,5
3320,21,5
3321,21,5
3322,12,5
3323,6,5
3324,5,5
3325,1,5
3326,21,5
3327,12,4
3328,21,5
3329,20,5
3330,5,5
3331,16,5
3332,21,5
3333,5,5
3334,16,5
3335,1,5
3336,17,5
3337,11,5
3337,21,5
3338,7,5
3339,21,5
3340,21,5
3341,6,5
3342,12,5
3342,7,5
3343,5,5
3343,17,5
3344,1,5
3345,4,5
3346,21,5
3347,1,5
3348,2,5
3349,2,5
3350,7,5
3351,5,5
3352,5,4
3353,22,5
3354,2,5
3354,16,5
3355,2,5
3356,1,5
3357,7,5
3358,23,5
3359,7,5
3360,1,5
3361,10,5
3362,7,5
3363,21,5
3364,21,5
3365,20,5
3366,21,5
3367,20,5
3368,20,5
3369,2,5
3370,21,5
3371,14,5
3372,10,5
3373,4,5
3374,4,5
3374,2,5
3374,14,5
3375,17,5
3376,20,5
3377,1,5
3378,16,5
3379,10,5
3380,21,5
3381,4,5
3382,21,5
3383,12,5
3384,4,5
3385,10,5
3386,6,5
3387,21,4
3388,1,5
3389,10,5
3390,16,5
3391,20,5
3392,1,5
3393,2,5
3394,21,5
3395,7,5
3396,21,5
3397,5,5
3398,5,5
3399,20,5
3400,4,5
3401,21,5
3402,2,5
3403,4,5
3404,23,5
3405,16,5
3406,5,5
3407,20,5
3408,4,5
3409,20,5
3410,10,5
3410,7,5
3411,5,5
3412,16,5
3413,20,5
3414,5,5
3415,21,5
3416,12,5
3417,2,5
3417,17,5
3418,21,5
3419,18,5
3420,11,5
3421,12,5
3422,4,5
3423,7,5
3424,1,5
3425,20,5
3426,7,5
3427,21,4
3428,1,5
3429,2,5
3430,1,5
3431,21,5
3432,24,5
3433,4,5
3434,21,5
3435,5,1
3436,16,5
3436,1,5
3436,5,5
3437,7,4
3438,7,5
3438,21,5
3439,5,5
3440,6,5
3441,7,5
3442,10,5
3443,7,5
3443,16,5
3444,16,5
3444,10,5
3445,21,5
3446,10,5
3447,1,5
3448,7,5
3449,20,5
3450,2,5
3450,20,5
3451,1,5
3452,1,5
3453,1,5
3454,12,5
3455,17,5
3456,21,5
3457,14,5
3458,21,5
3459,5,5
3460,4,5
3461,12,5
3462,7,5
3463,16,4
3464,5,5
3465,5,5
3466,2,5
3467,20,5
3468,14,5
3469,21,5
3470,5,5
3470,14,5
3471,21,5
3472,5,5
3473,21,5
3474,5,3
3475,10,5
3476,1,5
3477,4,5
3478,20,5
3479,1,5
3480,22,5
3481,15,1
3482,7,5
3483,1,4
3484,12,4
3485,17,5
3486,6,5
3487,2,5
3488,12,5
3489,7,5
3490,12,5
3491,7,5
3492,21,5
3493,2,5
3494,4,5
3495,7,5
3496,10,5
3497,2,5
3498,21,5
3499,21,5
3500,11,5
3501,21,5
3502,1,5
3503,6,5
3504,12,5
3505,5,5
3506,21,5
3507,7,5
3508,2,5
3509,7,5
3510,6,4
3511,23,5
3512,7,5
3513,5,5
3514,16,5
3515,1,4
3516,4,5
3517,16,5
3518,6,5
3519,14,5
3520,5,5
3521,1,5
3522,21,5
3523,20,5
3524,1,5
3525,17,5
3526,22,5
3527,14,4
3527,21,3
3528,1,5
3529,5,5
3530,12,5
3531,2,5
3532,5,5
3533,14,5
3534,2,5
3535,2,5
3536,5,5
3537,21,5
3538,12,5
3539,16,5
3540,22,5
3541,16,5
3542,5,5
3543,5,5
3544,5,5
3545,21,5
3546,17,5
3547,18,5
3548,12,4
3549,1,5
3550,21,5
3551,4,5
3552,20,5
3553,21,4
3554,1,5
3555,1,5
3556,16,5
3557,7,5
3558,4,5
3559,1,5
3560,21,5
3561,21,5
3562,10,5
3562,3,4
3562,14,5
3562,23,5
3562,16,5
3562,1,5
3562,21,5
3562,7,5
3562,5,5
3562,24,4
3563,2,5
